file_path,file_name,class_label
/home/ubuntu/data/raw_data/2.Motorcycle/4.horn_of_motorcycle/2.motorcycle_horn_83922_1.wav,2.motorcycle_horn_83922_1.wav,2.Motorcycle/4.horn_of_motorcycle
/home/ubuntu/data/raw_data/2.Motorcycle/4.horn_of_motorcycle/2.motorcycle_horn_61862_1.wav,2.motorcycle_horn_61862_1.wav,2.Motorcycle/4.horn_of_motorcycle
/home/ubuntu/data/raw_data/2.Motorcycle/4.horn_of_motorcycle/2.motorcycle_horn_84213_1.wav,2.motorcycle_horn_84213_1.wav,2.Motorcycle/4.horn_of_motorcycle
/home/ubuntu/data/raw_data/2.Motorcycle/4.horn_of_motorcycle/2.motorcycle_horn_44152_1.wav,2.motorcycle_horn_44152_1.wav,2.Motorcycle/4.horn_of_motorcycle
/home/ubuntu/data/raw_data/2.Motorcycle/4.horn_of_motorcycle/2.motorcycle_horn_35411_1.wav,2.motorcycle_horn_35411_1.wav,2.Motorcycle/4.horn_of_motorcycle
/home/ubuntu/data/raw_data/2.Motorcycle/4.horn_of_motorcycle/2.motorcycle_horn_39564_1.wav,2.motorcycle_horn_39564_1.wav,2.Motorcycle/4.horn_of_motorcycle
/home/ubuntu/data/raw_data/2.Motorcycle/4.horn_of_motorcycle/2.motorcycle_horn_24583_1.wav,2.motorcycle_horn_24583_1.wav,2.Motorcycle/4.horn_of_motorcycle
/home/ubuntu/data/raw_data/2.Motorcycle/4.horn_of_motorcycle/2.motorcycle_horn_62562_1.wav,2.motorcycle_horn_62562_1.wav,2.Motorcycle/4.horn_of_motorcycle
/home/ubuntu/data/raw_data/2.Motorcycle/4.horn_of_motorcycle/2.motorcycle_horn_63285_1.wav,2.motorcycle_horn_63285_1.wav,2.Motorcycle/4.horn_of_motorcycle
/home/ubuntu/data/raw_data/2.Motorcycle/4.horn_of_motorcycle/2.motorcycle_horn_83617_1.wav,2.motorcycle_horn_83617_1.wav,2.Motorcycle/4.horn_of_motorcycle
/home/ubuntu/data/raw_data/2.Motorcycle/4.horn_of_motorcycle/2.motorcycle_horn_84443_1.wav,2.motorcycle_horn_84443_1.wav,2.Motorcycle/4.horn_of_motorcycle
/home/ubuntu/data/raw_data/2.Motorcycle/4.horn_of_motorcycle/2.motorcycle_horn_63495_1.wav,2.motorcycle_horn_63495_1.wav,2.Motorcycle/4.horn_of_motorcycle
/home/ubuntu/data/raw_data/2.Motorcycle/4.horn_of_motorcycle/2.motorcycle_horn_62344_1.wav,2.motorcycle_horn_62344_1.wav,2.Motorcycle/4.horn_of_motorcycle
/home/ubuntu/data/raw_data/2.Motorcycle/4.horn_of_motorcycle/2.motorcycle_horn_62905_1.wav,2.motorcycle_horn_62905_1.wav,2.Motorcycle/4.horn_of_motorcycle
/home/ubuntu/data/raw_data/2.Motorcycle/4.horn_of_motorcycle/2.motorcycle_horn_83302_1.wav,2.motorcycle_horn_83302_1.wav,2.Motorcycle/4.horn_of_motorcycle
/home/ubuntu/data/raw_data/2.Motorcycle/4.horn_of_motorcycle/2.motorcycle_horn_84942_1.wav,2.motorcycle_horn_84942_1.wav,2.Motorcycle/4.horn_of_motorcycle
/home/ubuntu/data/raw_data/2.Motorcycle/4.horn_of_motorcycle/2.motorcycle_horn_63254_1.wav,2.motorcycle_horn_63254_1.wav,2.Motorcycle/4.horn_of_motorcycle
/home/ubuntu/data/test_data/raw_data_test/2.Motorcycle/4.horn_of_motorcycle/2.motorcycle_horn_62207_1.wav,2.motorcycle_horn_62207_1.wav,2.Motorcycle/4.horn_of_motorcycle
/home/ubuntu/data/raw_data/2.Motorcycle/4.horn_of_motorcycle/2.motorcycle_horn_62558_1.wav,2.motorcycle_horn_62558_1.wav,2.Motorcycle/4.horn_of_motorcycle
/home/ubuntu/data/raw_data/2.Motorcycle/4.horn_of_motorcycle/2.motorcycle_horn_83910_1.wav,2.motorcycle_horn_83910_1.wav,2.Motorcycle/4.horn_of_motorcycle
/home/ubuntu/data/raw_data/2.Motorcycle/4.horn_of_motorcycle/2.motorcycle_horn_84202_1.wav,2.motorcycle_horn_84202_1.wav,2.Motorcycle/4.horn_of_motorcycle
/home/ubuntu/data/raw_data/2.Motorcycle/4.horn_of_motorcycle/2.motorcycle_horn_63040_1.wav,2.motorcycle_horn_63040_1.wav,2.Motorcycle/4.horn_of_motorcycle
/home/ubuntu/data/raw_data/2.Motorcycle/4.horn_of_motorcycle/2.motorcycle_horn_84372_1.wav,2.motorcycle_horn_84372_1.wav,2.Motorcycle/4.horn_of_motorcycle
/home/ubuntu/data/raw_data/2.Motorcycle/4.horn_of_motorcycle/2.motorcycle_horn_24525_1.wav,2.motorcycle_horn_24525_1.wav,2.Motorcycle/4.horn_of_motorcycle
/home/ubuntu/data/raw_data/2.Motorcycle/4.horn_of_motorcycle/2.motorcycle_horn_83008_1.wav,2.motorcycle_horn_83008_1.wav,2.Motorcycle/4.horn_of_motorcycle
/home/ubuntu/data/raw_data/2.Motorcycle/4.horn_of_motorcycle/2.motorcycle_horn_62588_1.wav,2.motorcycle_horn_62588_1.wav,2.Motorcycle/4.horn_of_motorcycle
/home/ubuntu/data/raw_data/2.Motorcycle/4.horn_of_motorcycle/2.motorcycle_horn_62599_1.wav,2.motorcycle_horn_62599_1.wav,2.Motorcycle/4.horn_of_motorcycle
/home/ubuntu/data/raw_data/2.Motorcycle/4.horn_of_motorcycle/2.motorcycle_horn_83652_1.wav,2.motorcycle_horn_83652_1.wav,2.Motorcycle/4.horn_of_motorcycle
/home/ubuntu/data/raw_data/2.Motorcycle/4.horn_of_motorcycle/2.motorcycle_horn_35358_1.wav,2.motorcycle_horn_35358_1.wav,2.Motorcycle/4.horn_of_motorcycle
/home/ubuntu/data/raw_data/2.Motorcycle/4.horn_of_motorcycle/2.motorcycle_horn_83130_1.wav,2.motorcycle_horn_83130_1.wav,2.Motorcycle/4.horn_of_motorcycle
/home/ubuntu/data/raw_data/2.Motorcycle/4.horn_of_motorcycle/2.motorcycle_horn_62059_1.wav,2.motorcycle_horn_62059_1.wav,2.Motorcycle/4.horn_of_motorcycle
/home/ubuntu/data/raw_data/2.Motorcycle/4.horn_of_motorcycle/2.motorcycle_horn_84363_1.wav,2.motorcycle_horn_84363_1.wav,2.Motorcycle/4.horn_of_motorcycle
/home/ubuntu/data/test_data/raw_data_test/2.Motorcycle/4.horn_of_motorcycle/2.motorcycle_horn_83192_1.wav,2.motorcycle_horn_83192_1.wav,2.Motorcycle/4.horn_of_motorcycle
/home/ubuntu/data/raw_data/2.Motorcycle/4.horn_of_motorcycle/2.motorcycle_horn_13237_1.wav,2.motorcycle_horn_13237_1.wav,2.Motorcycle/4.horn_of_motorcycle
/home/ubuntu/data/raw_data/2.Motorcycle/4.horn_of_motorcycle/2.motorcycle_horn_62800_1.wav,2.motorcycle_horn_62800_1.wav,2.Motorcycle/4.horn_of_motorcycle
/home/ubuntu/data/raw_data/2.Motorcycle/4.horn_of_motorcycle/2.motorcycle_horn_84160_1.wav,2.motorcycle_horn_84160_1.wav,2.Motorcycle/4.horn_of_motorcycle
/home/ubuntu/data/raw_data/2.Motorcycle/4.horn_of_motorcycle/2.motorcycle_horn_84856_1.wav,2.motorcycle_horn_84856_1.wav,2.Motorcycle/4.horn_of_motorcycle
/home/ubuntu/data/raw_data/2.Motorcycle/4.horn_of_motorcycle/2.motorcycle_horn_62235_1.wav,2.motorcycle_horn_62235_1.wav,2.Motorcycle/4.horn_of_motorcycle
/home/ubuntu/data/raw_data/2.Motorcycle/4.horn_of_motorcycle/2.motorcycle_horn_83995_1.wav,2.motorcycle_horn_83995_1.wav,2.Motorcycle/4.horn_of_motorcycle
/home/ubuntu/data/raw_data/2.Motorcycle/4.horn_of_motorcycle/2.motorcycle_horn_85011_1.wav,2.motorcycle_horn_85011_1.wav,2.Motorcycle/4.horn_of_motorcycle
/home/ubuntu/data/test_data/raw_data_test/2.Motorcycle/4.horn_of_motorcycle/2.motorcycle_horn_35370_1.wav,2.motorcycle_horn_35370_1.wav,2.Motorcycle/4.horn_of_motorcycle
/home/ubuntu/data/raw_data/2.Motorcycle/4.horn_of_motorcycle/2.motorcycle_horn_84794_1.wav,2.motorcycle_horn_84794_1.wav,2.Motorcycle/4.horn_of_motorcycle
/home/ubuntu/data/raw_data/2.Motorcycle/4.horn_of_motorcycle/2.motorcycle_horn_84131_1.wav,2.motorcycle_horn_84131_1.wav,2.Motorcycle/4.horn_of_motorcycle
/home/ubuntu/data/raw_data/2.Motorcycle/4.horn_of_motorcycle/2.motorcycle_horn_13228_1.wav,2.motorcycle_horn_13228_1.wav,2.Motorcycle/4.horn_of_motorcycle
/home/ubuntu/data/raw_data/2.Motorcycle/4.horn_of_motorcycle/2.motorcycle_horn_83370_1.wav,2.motorcycle_horn_83370_1.wav,2.Motorcycle/4.horn_of_motorcycle
/home/ubuntu/data/raw_data/2.Motorcycle/4.horn_of_motorcycle/2.motorcycle_horn_83548_1.wav,2.motorcycle_horn_83548_1.wav,2.Motorcycle/4.horn_of_motorcycle
/home/ubuntu/data/raw_data/2.Motorcycle/4.horn_of_motorcycle/2.motorcycle_horn_62356_1.wav,2.motorcycle_horn_62356_1.wav,2.Motorcycle/4.horn_of_motorcycle
/home/ubuntu/data/raw_data/2.Motorcycle/4.horn_of_motorcycle/2.motorcycle_horn_44190_1.wav,2.motorcycle_horn_44190_1.wav,2.Motorcycle/4.horn_of_motorcycle
/home/ubuntu/data/raw_data/2.Motorcycle/4.horn_of_motorcycle/2.motorcycle_horn_24334_1.wav,2.motorcycle_horn_24334_1.wav,2.Motorcycle/4.horn_of_motorcycle
/home/ubuntu/data/raw_data/2.Motorcycle/4.horn_of_motorcycle/2.motorcycle_horn_84537_1.wav,2.motorcycle_horn_84537_1.wav,2.Motorcycle/4.horn_of_motorcycle
/home/ubuntu/data/raw_data/2.Motorcycle/4.horn_of_motorcycle/2.motorcycle_horn_83978_1.wav,2.motorcycle_horn_83978_1.wav,2.Motorcycle/4.horn_of_motorcycle
/home/ubuntu/data/raw_data/2.Motorcycle/4.horn_of_motorcycle/2.motorcycle_horn_85019_1.wav,2.motorcycle_horn_85019_1.wav,2.Motorcycle/4.horn_of_motorcycle
/home/ubuntu/data/raw_data/2.Motorcycle/4.horn_of_motorcycle/2.motorcycle_horn_85124_1.wav,2.motorcycle_horn_85124_1.wav,2.Motorcycle/4.horn_of_motorcycle
/home/ubuntu/data/raw_data/2.Motorcycle/4.horn_of_motorcycle/2.motorcycle_horn_13243_1.wav,2.motorcycle_horn_13243_1.wav,2.Motorcycle/4.horn_of_motorcycle
/home/ubuntu/data/raw_data/2.Motorcycle/4.horn_of_motorcycle/2.motorcycle_horn_62473_1.wav,2.motorcycle_horn_62473_1.wav,2.Motorcycle/4.horn_of_motorcycle
/home/ubuntu/data/raw_data/2.Motorcycle/4.horn_of_motorcycle/2.motorcycle_horn_63122_1.wav,2.motorcycle_horn_63122_1.wav,2.Motorcycle/4.horn_of_motorcycle
/home/ubuntu/data/raw_data/2.Motorcycle/4.horn_of_motorcycle/2.motorcycle_horn_62769_1.wav,2.motorcycle_horn_62769_1.wav,2.Motorcycle/4.horn_of_motorcycle
/home/ubuntu/data/raw_data/2.Motorcycle/4.horn_of_motorcycle/2.motorcycle_horn_62633_1.wav,2.motorcycle_horn_62633_1.wav,2.Motorcycle/4.horn_of_motorcycle
/home/ubuntu/data/raw_data/2.Motorcycle/4.horn_of_motorcycle/2.motorcycle_horn_62597_1.wav,2.motorcycle_horn_62597_1.wav,2.Motorcycle/4.horn_of_motorcycle
/home/ubuntu/data/raw_data/2.Motorcycle/4.horn_of_motorcycle/2.motorcycle_horn_83554_1.wav,2.motorcycle_horn_83554_1.wav,2.Motorcycle/4.horn_of_motorcycle
/home/ubuntu/data/raw_data/2.Motorcycle/4.horn_of_motorcycle/2.motorcycle_horn_62486_1.wav,2.motorcycle_horn_62486_1.wav,2.Motorcycle/4.horn_of_motorcycle
/home/ubuntu/data/raw_data/2.Motorcycle/4.horn_of_motorcycle/2.motorcycle_horn_35537_1.wav,2.motorcycle_horn_35537_1.wav,2.Motorcycle/4.horn_of_motorcycle
/home/ubuntu/data/test_data/raw_data_test/2.Motorcycle/4.horn_of_motorcycle/2.motorcycle_horn_24492_1.wav,2.motorcycle_horn_24492_1.wav,2.Motorcycle/4.horn_of_motorcycle
/home/ubuntu/data/raw_data/2.Motorcycle/4.horn_of_motorcycle/2.motorcycle_horn_63141_1.wav,2.motorcycle_horn_63141_1.wav,2.Motorcycle/4.horn_of_motorcycle
/home/ubuntu/data/raw_data/2.Motorcycle/4.horn_of_motorcycle/2.motorcycle_horn_62082_1.wav,2.motorcycle_horn_62082_1.wav,2.Motorcycle/4.horn_of_motorcycle
/home/ubuntu/data/raw_data/2.Motorcycle/4.horn_of_motorcycle/2.motorcycle_horn_35503_1.wav,2.motorcycle_horn_35503_1.wav,2.Motorcycle/4.horn_of_motorcycle
/home/ubuntu/data/raw_data/2.Motorcycle/4.horn_of_motorcycle/2.motorcycle_horn_84976_1.wav,2.motorcycle_horn_84976_1.wav,2.Motorcycle/4.horn_of_motorcycle
/home/ubuntu/data/raw_data/2.Motorcycle/4.horn_of_motorcycle/2.motorcycle_horn_63247_1.wav,2.motorcycle_horn_63247_1.wav,2.Motorcycle/4.horn_of_motorcycle
/home/ubuntu/data/raw_data/2.Motorcycle/4.horn_of_motorcycle/2.motorcycle_horn_83560_1.wav,2.motorcycle_horn_83560_1.wav,2.Motorcycle/4.horn_of_motorcycle
/home/ubuntu/data/raw_data/2.Motorcycle/4.horn_of_motorcycle/2.motorcycle_horn_62072_1.wav,2.motorcycle_horn_62072_1.wav,2.Motorcycle/4.horn_of_motorcycle
/home/ubuntu/data/test_data/raw_data_test/2.Motorcycle/4.horn_of_motorcycle/2.motorcycle_horn_62705_1.wav,2.motorcycle_horn_62705_1.wav,2.Motorcycle/4.horn_of_motorcycle
/home/ubuntu/data/raw_data/2.Motorcycle/4.horn_of_motorcycle/2.motorcycle_horn_63599_1.wav,2.motorcycle_horn_63599_1.wav,2.Motorcycle/4.horn_of_motorcycle
/home/ubuntu/data/raw_data/2.Motorcycle/4.horn_of_motorcycle/2.motorcycle_horn_62149_1.wav,2.motorcycle_horn_62149_1.wav,2.Motorcycle/4.horn_of_motorcycle
/home/ubuntu/data/raw_data/2.Motorcycle/4.horn_of_motorcycle/2.motorcycle_horn_84014_1.wav,2.motorcycle_horn_84014_1.wav,2.Motorcycle/4.horn_of_motorcycle
/home/ubuntu/data/raw_data/2.Motorcycle/4.horn_of_motorcycle/2.motorcycle_horn_83039_1.wav,2.motorcycle_horn_83039_1.wav,2.Motorcycle/4.horn_of_motorcycle
/home/ubuntu/data/raw_data/2.Motorcycle/4.horn_of_motorcycle/2.motorcycle_horn_82963_1.wav,2.motorcycle_horn_82963_1.wav,2.Motorcycle/4.horn_of_motorcycle
/home/ubuntu/data/test_data/raw_data_test/2.Motorcycle/4.horn_of_motorcycle/2.motorcycle_horn_63432_1.wav,2.motorcycle_horn_63432_1.wav,2.Motorcycle/4.horn_of_motorcycle
/home/ubuntu/data/raw_data/2.Motorcycle/4.horn_of_motorcycle/2.motorcycle_horn_84536_1.wav,2.motorcycle_horn_84536_1.wav,2.Motorcycle/4.horn_of_motorcycle
/home/ubuntu/data/raw_data/2.Motorcycle/4.horn_of_motorcycle/2.motorcycle_horn_62541_1.wav,2.motorcycle_horn_62541_1.wav,2.Motorcycle/4.horn_of_motorcycle
/home/ubuntu/data/raw_data/2.Motorcycle/4.horn_of_motorcycle/2.motorcycle_horn_35501_1.wav,2.motorcycle_horn_35501_1.wav,2.Motorcycle/4.horn_of_motorcycle
/home/ubuntu/data/raw_data/2.Motorcycle/4.horn_of_motorcycle/2.motorcycle_horn_35317_1.wav,2.motorcycle_horn_35317_1.wav,2.Motorcycle/4.horn_of_motorcycle
/home/ubuntu/data/raw_data/2.Motorcycle/4.horn_of_motorcycle/2.motorcycle_horn_1812_1.wav,2.motorcycle_horn_1812_1.wav,2.Motorcycle/4.horn_of_motorcycle
/home/ubuntu/data/raw_data/2.Motorcycle/4.horn_of_motorcycle/2.motorcycle_horn_24323_1.wav,2.motorcycle_horn_24323_1.wav,2.Motorcycle/4.horn_of_motorcycle
/home/ubuntu/data/raw_data/2.Motorcycle/4.horn_of_motorcycle/2.motorcycle_horn_24284_1.wav,2.motorcycle_horn_24284_1.wav,2.Motorcycle/4.horn_of_motorcycle
/home/ubuntu/data/raw_data/2.Motorcycle/4.horn_of_motorcycle/2.motorcycle_horn_82915_1.wav,2.motorcycle_horn_82915_1.wav,2.Motorcycle/4.horn_of_motorcycle
/home/ubuntu/data/raw_data/2.Motorcycle/4.horn_of_motorcycle/2.motorcycle_horn_13246_1.wav,2.motorcycle_horn_13246_1.wav,2.Motorcycle/4.horn_of_motorcycle
/home/ubuntu/data/raw_data/2.Motorcycle/4.horn_of_motorcycle/2.motorcycle_horn_83640_1.wav,2.motorcycle_horn_83640_1.wav,2.Motorcycle/4.horn_of_motorcycle
/home/ubuntu/data/raw_data/2.Motorcycle/4.horn_of_motorcycle/2.motorcycle_horn_63540_1.wav,2.motorcycle_horn_63540_1.wav,2.Motorcycle/4.horn_of_motorcycle
/home/ubuntu/data/raw_data/2.Motorcycle/4.horn_of_motorcycle/2.motorcycle_horn_62867_1.wav,2.motorcycle_horn_62867_1.wav,2.Motorcycle/4.horn_of_motorcycle
/home/ubuntu/data/raw_data/2.Motorcycle/4.horn_of_motorcycle/2.motorcycle_horn_24375_1.wav,2.motorcycle_horn_24375_1.wav,2.Motorcycle/4.horn_of_motorcycle
/home/ubuntu/data/raw_data/2.Motorcycle/4.horn_of_motorcycle/2.motorcycle_horn_63659_1.wav,2.motorcycle_horn_63659_1.wav,2.Motorcycle/4.horn_of_motorcycle
/home/ubuntu/data/raw_data/2.Motorcycle/4.horn_of_motorcycle/2.motorcycle_horn_63480_1.wav,2.motorcycle_horn_63480_1.wav,2.Motorcycle/4.horn_of_motorcycle
/home/ubuntu/data/raw_data/2.Motorcycle/4.horn_of_motorcycle/2.motorcycle_horn_13232_1.wav,2.motorcycle_horn_13232_1.wav,2.Motorcycle/4.horn_of_motorcycle
/home/ubuntu/data/raw_data/2.Motorcycle/4.horn_of_motorcycle/2.motorcycle_horn_83537_1.wav,2.motorcycle_horn_83537_1.wav,2.Motorcycle/4.horn_of_motorcycle
/home/ubuntu/data/raw_data/2.Motorcycle/4.horn_of_motorcycle/2.motorcycle_horn_84936_1.wav,2.motorcycle_horn_84936_1.wav,2.Motorcycle/4.horn_of_motorcycle
/home/ubuntu/data/raw_data/2.Motorcycle/4.horn_of_motorcycle/2.motorcycle_horn_84528_1.wav,2.motorcycle_horn_84528_1.wav,2.Motorcycle/4.horn_of_motorcycle
/home/ubuntu/data/raw_data/2.Motorcycle/4.horn_of_motorcycle/2.motorcycle_horn_83421_1.wav,2.motorcycle_horn_83421_1.wav,2.Motorcycle/4.horn_of_motorcycle
/home/ubuntu/data/raw_data/2.Motorcycle/4.horn_of_motorcycle/2.motorcycle_horn_83342_1.wav,2.motorcycle_horn_83342_1.wav,2.Motorcycle/4.horn_of_motorcycle
/home/ubuntu/data/raw_data/2.Motorcycle/4.horn_of_motorcycle/2.motorcycle_horn_35239_1.wav,2.motorcycle_horn_35239_1.wav,2.Motorcycle/4.horn_of_motorcycle
/home/ubuntu/data/test_data/raw_data_test/2.Motorcycle/4.horn_of_motorcycle/2.motorcycle_horn_84552_1.wav,2.motorcycle_horn_84552_1.wav,2.Motorcycle/4.horn_of_motorcycle
/home/ubuntu/data/raw_data/2.Motorcycle/4.horn_of_motorcycle/2.motorcycle_horn_63660_1.wav,2.motorcycle_horn_63660_1.wav,2.Motorcycle/4.horn_of_motorcycle
/home/ubuntu/data/raw_data/2.Motorcycle/5.driving_sound_of_motorcycle/2.motorcycle_driving_sound_86902_1.wav,2.motorcycle_driving_sound_86902_1.wav,2.Motorcycle/5.driving_sound_of_motorcycle
/home/ubuntu/data/raw_data/2.Motorcycle/5.driving_sound_of_motorcycle/2.motorcycle_driving_sound_15337_1.wav,2.motorcycle_driving_sound_15337_1.wav,2.Motorcycle/5.driving_sound_of_motorcycle
/home/ubuntu/data/raw_data/2.Motorcycle/5.driving_sound_of_motorcycle/2.motorcycle_driving_sound_15761_1.wav,2.motorcycle_driving_sound_15761_1.wav,2.Motorcycle/5.driving_sound_of_motorcycle
/home/ubuntu/data/raw_data/2.Motorcycle/5.driving_sound_of_motorcycle/2.motorcycle_driving_sound_13549_1.wav,2.motorcycle_driving_sound_13549_1.wav,2.Motorcycle/5.driving_sound_of_motorcycle
/home/ubuntu/data/raw_data/2.Motorcycle/5.driving_sound_of_motorcycle/2.motorcycle_driving_sound_13954_1.wav,2.motorcycle_driving_sound_13954_1.wav,2.Motorcycle/5.driving_sound_of_motorcycle
/home/ubuntu/data/raw_data/2.Motorcycle/5.driving_sound_of_motorcycle/2.motorcycle_driving_sound_85622_1.wav,2.motorcycle_driving_sound_85622_1.wav,2.Motorcycle/5.driving_sound_of_motorcycle
/home/ubuntu/data/raw_data/2.Motorcycle/5.driving_sound_of_motorcycle/2.motorcycle_driving_sound_14585_1.wav,2.motorcycle_driving_sound_14585_1.wav,2.Motorcycle/5.driving_sound_of_motorcycle
/home/ubuntu/data/raw_data/2.Motorcycle/5.driving_sound_of_motorcycle/2.motorcycle_driving_sound_86408_1.wav,2.motorcycle_driving_sound_86408_1.wav,2.Motorcycle/5.driving_sound_of_motorcycle
/home/ubuntu/data/raw_data/2.Motorcycle/5.driving_sound_of_motorcycle/2.motorcycle_driving_sound_85240_1.wav,2.motorcycle_driving_sound_85240_1.wav,2.Motorcycle/5.driving_sound_of_motorcycle
/home/ubuntu/data/raw_data/2.Motorcycle/5.driving_sound_of_motorcycle/2.motorcycle_driving_sound_14858_1.wav,2.motorcycle_driving_sound_14858_1.wav,2.Motorcycle/5.driving_sound_of_motorcycle
/home/ubuntu/data/raw_data/2.Motorcycle/5.driving_sound_of_motorcycle/2.motorcycle_driving_sound_15013_1.wav,2.motorcycle_driving_sound_15013_1.wav,2.Motorcycle/5.driving_sound_of_motorcycle
/home/ubuntu/data/raw_data/2.Motorcycle/5.driving_sound_of_motorcycle/2.motorcycle_driving_sound_87126_1.wav,2.motorcycle_driving_sound_87126_1.wav,2.Motorcycle/5.driving_sound_of_motorcycle
/home/ubuntu/data/raw_data/2.Motorcycle/5.driving_sound_of_motorcycle/2.motorcycle_driving_sound_2642_1.wav,2.motorcycle_driving_sound_2642_1.wav,2.Motorcycle/5.driving_sound_of_motorcycle
/home/ubuntu/data/raw_data/2.Motorcycle/5.driving_sound_of_motorcycle/2.motorcycle_driving_sound_85818_1.wav,2.motorcycle_driving_sound_85818_1.wav,2.Motorcycle/5.driving_sound_of_motorcycle
/home/ubuntu/data/raw_data/2.Motorcycle/5.driving_sound_of_motorcycle/2.motorcycle_driving_sound_2057_1.wav,2.motorcycle_driving_sound_2057_1.wav,2.Motorcycle/5.driving_sound_of_motorcycle
/home/ubuntu/data/test_data/raw_data_test/2.Motorcycle/5.driving_sound_of_motorcycle/2.motorcycle_driving_sound_15317_1.wav,2.motorcycle_driving_sound_15317_1.wav,2.Motorcycle/5.driving_sound_of_motorcycle
/home/ubuntu/data/raw_data/2.Motorcycle/5.driving_sound_of_motorcycle/2.motorcycle_driving_sound_1904_1.wav,2.motorcycle_driving_sound_1904_1.wav,2.Motorcycle/5.driving_sound_of_motorcycle
/home/ubuntu/data/raw_data/2.Motorcycle/5.driving_sound_of_motorcycle/2.motorcycle_driving_sound_14006_1.wav,2.motorcycle_driving_sound_14006_1.wav,2.Motorcycle/5.driving_sound_of_motorcycle
/home/ubuntu/data/raw_data/2.Motorcycle/5.driving_sound_of_motorcycle/2.motorcycle_driving_sound_14079_1.wav,2.motorcycle_driving_sound_14079_1.wav,2.Motorcycle/5.driving_sound_of_motorcycle
/home/ubuntu/data/raw_data/2.Motorcycle/5.driving_sound_of_motorcycle/2.motorcycle_driving_sound_86369_1.wav,2.motorcycle_driving_sound_86369_1.wav,2.Motorcycle/5.driving_sound_of_motorcycle
/home/ubuntu/data/test_data/raw_data_test/2.Motorcycle/5.driving_sound_of_motorcycle/2.motorcycle_driving_sound_2542_1.wav,2.motorcycle_driving_sound_2542_1.wav,2.Motorcycle/5.driving_sound_of_motorcycle
/home/ubuntu/data/raw_data/2.Motorcycle/5.driving_sound_of_motorcycle/2.motorcycle_driving_sound_85304_1.wav,2.motorcycle_driving_sound_85304_1.wav,2.Motorcycle/5.driving_sound_of_motorcycle
/home/ubuntu/data/raw_data/2.Motorcycle/5.driving_sound_of_motorcycle/2.motorcycle_driving_sound_13795_1.wav,2.motorcycle_driving_sound_13795_1.wav,2.Motorcycle/5.driving_sound_of_motorcycle
/home/ubuntu/data/raw_data/2.Motorcycle/5.driving_sound_of_motorcycle/2.motorcycle_driving_sound_15888_1.wav,2.motorcycle_driving_sound_15888_1.wav,2.Motorcycle/5.driving_sound_of_motorcycle
/home/ubuntu/data/raw_data/2.Motorcycle/5.driving_sound_of_motorcycle/2.motorcycle_driving_sound_14821_1.wav,2.motorcycle_driving_sound_14821_1.wav,2.Motorcycle/5.driving_sound_of_motorcycle
/home/ubuntu/data/raw_data/2.Motorcycle/5.driving_sound_of_motorcycle/2.motorcycle_driving_sound_13744_1.wav,2.motorcycle_driving_sound_13744_1.wav,2.Motorcycle/5.driving_sound_of_motorcycle
/home/ubuntu/data/raw_data/2.Motorcycle/5.driving_sound_of_motorcycle/2.motorcycle_driving_sound_85896_1.wav,2.motorcycle_driving_sound_85896_1.wav,2.Motorcycle/5.driving_sound_of_motorcycle
/home/ubuntu/data/test_data/raw_data_test/2.Motorcycle/5.driving_sound_of_motorcycle/2.motorcycle_driving_sound_2895_1.wav,2.motorcycle_driving_sound_2895_1.wav,2.Motorcycle/5.driving_sound_of_motorcycle
/home/ubuntu/data/raw_data/2.Motorcycle/5.driving_sound_of_motorcycle/2.motorcycle_driving_sound_3085_1.wav,2.motorcycle_driving_sound_3085_1.wav,2.Motorcycle/5.driving_sound_of_motorcycle
/home/ubuntu/data/test_data/raw_data_test/2.Motorcycle/5.driving_sound_of_motorcycle/2.motorcycle_driving_sound_13637_1.wav,2.motorcycle_driving_sound_13637_1.wav,2.Motorcycle/5.driving_sound_of_motorcycle
/home/ubuntu/data/raw_data/2.Motorcycle/5.driving_sound_of_motorcycle/2.motorcycle_driving_sound_2338_1.wav,2.motorcycle_driving_sound_2338_1.wav,2.Motorcycle/5.driving_sound_of_motorcycle
/home/ubuntu/data/raw_data/2.Motorcycle/5.driving_sound_of_motorcycle/2.motorcycle_driving_sound_15264_1.wav,2.motorcycle_driving_sound_15264_1.wav,2.Motorcycle/5.driving_sound_of_motorcycle
/home/ubuntu/data/raw_data/2.Motorcycle/5.driving_sound_of_motorcycle/2.motorcycle_driving_sound_14299_1.wav,2.motorcycle_driving_sound_14299_1.wav,2.Motorcycle/5.driving_sound_of_motorcycle
/home/ubuntu/data/raw_data/2.Motorcycle/5.driving_sound_of_motorcycle/2.motorcycle_driving_sound_15309_1.wav,2.motorcycle_driving_sound_15309_1.wav,2.Motorcycle/5.driving_sound_of_motorcycle
/home/ubuntu/data/raw_data/2.Motorcycle/5.driving_sound_of_motorcycle/2.motorcycle_driving_sound_14352_1.wav,2.motorcycle_driving_sound_14352_1.wav,2.Motorcycle/5.driving_sound_of_motorcycle
/home/ubuntu/data/raw_data/2.Motorcycle/5.driving_sound_of_motorcycle/2.motorcycle_driving_sound_86549_1.wav,2.motorcycle_driving_sound_86549_1.wav,2.Motorcycle/5.driving_sound_of_motorcycle
/home/ubuntu/data/raw_data/2.Motorcycle/5.driving_sound_of_motorcycle/2.motorcycle_driving_sound_86275_1.wav,2.motorcycle_driving_sound_86275_1.wav,2.Motorcycle/5.driving_sound_of_motorcycle
/home/ubuntu/data/raw_data/2.Motorcycle/5.driving_sound_of_motorcycle/2.motorcycle_driving_sound_15624_1.wav,2.motorcycle_driving_sound_15624_1.wav,2.Motorcycle/5.driving_sound_of_motorcycle
/home/ubuntu/data/raw_data/2.Motorcycle/5.driving_sound_of_motorcycle/2.motorcycle_driving_sound_14138_1.wav,2.motorcycle_driving_sound_14138_1.wav,2.Motorcycle/5.driving_sound_of_motorcycle
/home/ubuntu/data/raw_data/2.Motorcycle/5.driving_sound_of_motorcycle/2.motorcycle_driving_sound_14668_1.wav,2.motorcycle_driving_sound_14668_1.wav,2.Motorcycle/5.driving_sound_of_motorcycle
/home/ubuntu/data/test_data/raw_data_test/2.Motorcycle/5.driving_sound_of_motorcycle/2.motorcycle_driving_sound_86773_1.wav,2.motorcycle_driving_sound_86773_1.wav,2.Motorcycle/5.driving_sound_of_motorcycle
/home/ubuntu/data/raw_data/2.Motorcycle/5.driving_sound_of_motorcycle/2.motorcycle_driving_sound_14442_1.wav,2.motorcycle_driving_sound_14442_1.wav,2.Motorcycle/5.driving_sound_of_motorcycle
/home/ubuntu/data/raw_data/2.Motorcycle/5.driving_sound_of_motorcycle/2.motorcycle_driving_sound_14910_1.wav,2.motorcycle_driving_sound_14910_1.wav,2.Motorcycle/5.driving_sound_of_motorcycle
/home/ubuntu/data/raw_data/2.Motorcycle/5.driving_sound_of_motorcycle/2.motorcycle_driving_sound_86774_1.wav,2.motorcycle_driving_sound_86774_1.wav,2.Motorcycle/5.driving_sound_of_motorcycle
/home/ubuntu/data/raw_data/2.Motorcycle/5.driving_sound_of_motorcycle/2.motorcycle_driving_sound_15685_1.wav,2.motorcycle_driving_sound_15685_1.wav,2.Motorcycle/5.driving_sound_of_motorcycle
/home/ubuntu/data/raw_data/2.Motorcycle/5.driving_sound_of_motorcycle/2.motorcycle_driving_sound_85642_1.wav,2.motorcycle_driving_sound_85642_1.wav,2.Motorcycle/5.driving_sound_of_motorcycle
/home/ubuntu/data/raw_data/2.Motorcycle/5.driving_sound_of_motorcycle/2.motorcycle_driving_sound_14296_1.wav,2.motorcycle_driving_sound_14296_1.wav,2.Motorcycle/5.driving_sound_of_motorcycle
/home/ubuntu/data/raw_data/2.Motorcycle/5.driving_sound_of_motorcycle/2.motorcycle_driving_sound_2691_1.wav,2.motorcycle_driving_sound_2691_1.wav,2.Motorcycle/5.driving_sound_of_motorcycle
/home/ubuntu/data/raw_data/2.Motorcycle/5.driving_sound_of_motorcycle/2.motorcycle_driving_sound_86504_1.wav,2.motorcycle_driving_sound_86504_1.wav,2.Motorcycle/5.driving_sound_of_motorcycle
/home/ubuntu/data/raw_data/2.Motorcycle/5.driving_sound_of_motorcycle/2.motorcycle_driving_sound_86495_1.wav,2.motorcycle_driving_sound_86495_1.wav,2.Motorcycle/5.driving_sound_of_motorcycle
/home/ubuntu/data/raw_data/2.Motorcycle/5.driving_sound_of_motorcycle/2.motorcycle_driving_sound_86042_1.wav,2.motorcycle_driving_sound_86042_1.wav,2.Motorcycle/5.driving_sound_of_motorcycle
/home/ubuntu/data/raw_data/2.Motorcycle/5.driving_sound_of_motorcycle/2.motorcycle_driving_sound_15588_1.wav,2.motorcycle_driving_sound_15588_1.wav,2.Motorcycle/5.driving_sound_of_motorcycle
/home/ubuntu/data/raw_data/2.Motorcycle/5.driving_sound_of_motorcycle/2.motorcycle_driving_sound_15050_1.wav,2.motorcycle_driving_sound_15050_1.wav,2.Motorcycle/5.driving_sound_of_motorcycle
/home/ubuntu/data/raw_data/2.Motorcycle/5.driving_sound_of_motorcycle/2.motorcycle_driving_sound_14111_1.wav,2.motorcycle_driving_sound_14111_1.wav,2.Motorcycle/5.driving_sound_of_motorcycle
/home/ubuntu/data/raw_data/2.Motorcycle/5.driving_sound_of_motorcycle/2.motorcycle_driving_sound_14717_1.wav,2.motorcycle_driving_sound_14717_1.wav,2.Motorcycle/5.driving_sound_of_motorcycle
/home/ubuntu/data/raw_data/2.Motorcycle/5.driving_sound_of_motorcycle/2.motorcycle_driving_sound_86779_1.wav,2.motorcycle_driving_sound_86779_1.wav,2.Motorcycle/5.driving_sound_of_motorcycle
/home/ubuntu/data/raw_data/2.Motorcycle/5.driving_sound_of_motorcycle/2.motorcycle_driving_sound_13737_1.wav,2.motorcycle_driving_sound_13737_1.wav,2.Motorcycle/5.driving_sound_of_motorcycle
/home/ubuntu/data/raw_data/2.Motorcycle/5.driving_sound_of_motorcycle/2.motorcycle_driving_sound_14156_1.wav,2.motorcycle_driving_sound_14156_1.wav,2.Motorcycle/5.driving_sound_of_motorcycle
/home/ubuntu/data/raw_data/2.Motorcycle/5.driving_sound_of_motorcycle/2.motorcycle_driving_sound_1861_1.wav,2.motorcycle_driving_sound_1861_1.wav,2.Motorcycle/5.driving_sound_of_motorcycle
/home/ubuntu/data/raw_data/2.Motorcycle/5.driving_sound_of_motorcycle/2.motorcycle_driving_sound_14900_1.wav,2.motorcycle_driving_sound_14900_1.wav,2.Motorcycle/5.driving_sound_of_motorcycle
/home/ubuntu/data/raw_data/2.Motorcycle/5.driving_sound_of_motorcycle/2.motorcycle_driving_sound_85430_1.wav,2.motorcycle_driving_sound_85430_1.wav,2.Motorcycle/5.driving_sound_of_motorcycle
/home/ubuntu/data/raw_data/2.Motorcycle/5.driving_sound_of_motorcycle/2.motorcycle_driving_sound_85516_1.wav,2.motorcycle_driving_sound_85516_1.wav,2.Motorcycle/5.driving_sound_of_motorcycle
/home/ubuntu/data/raw_data/2.Motorcycle/5.driving_sound_of_motorcycle/2.motorcycle_driving_sound_14794_1.wav,2.motorcycle_driving_sound_14794_1.wav,2.Motorcycle/5.driving_sound_of_motorcycle
/home/ubuntu/data/raw_data/2.Motorcycle/5.driving_sound_of_motorcycle/2.motorcycle_driving_sound_14056_1.wav,2.motorcycle_driving_sound_14056_1.wav,2.Motorcycle/5.driving_sound_of_motorcycle
/home/ubuntu/data/raw_data/2.Motorcycle/5.driving_sound_of_motorcycle/2.motorcycle_driving_sound_85959_1.wav,2.motorcycle_driving_sound_85959_1.wav,2.Motorcycle/5.driving_sound_of_motorcycle
/home/ubuntu/data/raw_data/2.Motorcycle/5.driving_sound_of_motorcycle/2.motorcycle_driving_sound_15277_1.wav,2.motorcycle_driving_sound_15277_1.wav,2.Motorcycle/5.driving_sound_of_motorcycle
/home/ubuntu/data/raw_data/2.Motorcycle/5.driving_sound_of_motorcycle/2.motorcycle_driving_sound_15527_1.wav,2.motorcycle_driving_sound_15527_1.wav,2.Motorcycle/5.driving_sound_of_motorcycle
/home/ubuntu/data/raw_data/2.Motorcycle/5.driving_sound_of_motorcycle/2.motorcycle_driving_sound_14577_1.wav,2.motorcycle_driving_sound_14577_1.wav,2.Motorcycle/5.driving_sound_of_motorcycle
/home/ubuntu/data/raw_data/2.Motorcycle/5.driving_sound_of_motorcycle/2.motorcycle_driving_sound_2706_1.wav,2.motorcycle_driving_sound_2706_1.wav,2.Motorcycle/5.driving_sound_of_motorcycle
/home/ubuntu/data/raw_data/2.Motorcycle/5.driving_sound_of_motorcycle/2.motorcycle_driving_sound_15668_1.wav,2.motorcycle_driving_sound_15668_1.wav,2.Motorcycle/5.driving_sound_of_motorcycle
/home/ubuntu/data/raw_data/2.Motorcycle/5.driving_sound_of_motorcycle/2.motorcycle_driving_sound_86996_1.wav,2.motorcycle_driving_sound_86996_1.wav,2.Motorcycle/5.driving_sound_of_motorcycle
/home/ubuntu/data/raw_data/2.Motorcycle/5.driving_sound_of_motorcycle/2.motorcycle_driving_sound_13846_1.wav,2.motorcycle_driving_sound_13846_1.wav,2.Motorcycle/5.driving_sound_of_motorcycle
/home/ubuntu/data/raw_data/2.Motorcycle/5.driving_sound_of_motorcycle/2.motorcycle_driving_sound_87100_1.wav,2.motorcycle_driving_sound_87100_1.wav,2.Motorcycle/5.driving_sound_of_motorcycle
/home/ubuntu/data/raw_data/2.Motorcycle/5.driving_sound_of_motorcycle/2.motorcycle_driving_sound_86040_1.wav,2.motorcycle_driving_sound_86040_1.wav,2.Motorcycle/5.driving_sound_of_motorcycle
/home/ubuntu/data/raw_data/2.Motorcycle/5.driving_sound_of_motorcycle/2.motorcycle_driving_sound_2276_1.wav,2.motorcycle_driving_sound_2276_1.wav,2.Motorcycle/5.driving_sound_of_motorcycle
/home/ubuntu/data/raw_data/2.Motorcycle/5.driving_sound_of_motorcycle/2.motorcycle_driving_sound_1936_1.wav,2.motorcycle_driving_sound_1936_1.wav,2.Motorcycle/5.driving_sound_of_motorcycle
/home/ubuntu/data/raw_data/2.Motorcycle/5.driving_sound_of_motorcycle/2.motorcycle_driving_sound_13673_1.wav,2.motorcycle_driving_sound_13673_1.wav,2.Motorcycle/5.driving_sound_of_motorcycle
/home/ubuntu/data/raw_data/2.Motorcycle/5.driving_sound_of_motorcycle/2.motorcycle_driving_sound_2795_1.wav,2.motorcycle_driving_sound_2795_1.wav,2.Motorcycle/5.driving_sound_of_motorcycle
/home/ubuntu/data/test_data/raw_data_test/2.Motorcycle/5.driving_sound_of_motorcycle/2.motorcycle_driving_sound_2727_1.wav,2.motorcycle_driving_sound_2727_1.wav,2.Motorcycle/5.driving_sound_of_motorcycle
/home/ubuntu/data/test_data/raw_data_test/2.Motorcycle/5.driving_sound_of_motorcycle/2.motorcycle_driving_sound_14069_1.wav,2.motorcycle_driving_sound_14069_1.wav,2.Motorcycle/5.driving_sound_of_motorcycle
/home/ubuntu/data/raw_data/2.Motorcycle/5.driving_sound_of_motorcycle/2.motorcycle_driving_sound_86682_1.wav,2.motorcycle_driving_sound_86682_1.wav,2.Motorcycle/5.driving_sound_of_motorcycle
/home/ubuntu/data/raw_data/2.Motorcycle/5.driving_sound_of_motorcycle/2.motorcycle_driving_sound_86831_1.wav,2.motorcycle_driving_sound_86831_1.wav,2.Motorcycle/5.driving_sound_of_motorcycle
/home/ubuntu/data/raw_data/2.Motorcycle/5.driving_sound_of_motorcycle/2.motorcycle_driving_sound_14049_1.wav,2.motorcycle_driving_sound_14049_1.wav,2.Motorcycle/5.driving_sound_of_motorcycle
/home/ubuntu/data/raw_data/2.Motorcycle/5.driving_sound_of_motorcycle/2.motorcycle_driving_sound_14602_1.wav,2.motorcycle_driving_sound_14602_1.wav,2.Motorcycle/5.driving_sound_of_motorcycle
/home/ubuntu/data/raw_data/2.Motorcycle/5.driving_sound_of_motorcycle/2.motorcycle_driving_sound_85958_1.wav,2.motorcycle_driving_sound_85958_1.wav,2.Motorcycle/5.driving_sound_of_motorcycle
/home/ubuntu/data/raw_data/2.Motorcycle/5.driving_sound_of_motorcycle/2.motorcycle_driving_sound_2561_1.wav,2.motorcycle_driving_sound_2561_1.wav,2.Motorcycle/5.driving_sound_of_motorcycle
/home/ubuntu/data/raw_data/2.Motorcycle/5.driving_sound_of_motorcycle/2.motorcycle_driving_sound_2808_1.wav,2.motorcycle_driving_sound_2808_1.wav,2.Motorcycle/5.driving_sound_of_motorcycle
/home/ubuntu/data/raw_data/2.Motorcycle/5.driving_sound_of_motorcycle/2.motorcycle_driving_sound_86641_1.wav,2.motorcycle_driving_sound_86641_1.wav,2.Motorcycle/5.driving_sound_of_motorcycle
/home/ubuntu/data/raw_data/2.Motorcycle/5.driving_sound_of_motorcycle/2.motorcycle_driving_sound_2242_1.wav,2.motorcycle_driving_sound_2242_1.wav,2.Motorcycle/5.driving_sound_of_motorcycle
/home/ubuntu/data/raw_data/2.Motorcycle/5.driving_sound_of_motorcycle/2.motorcycle_driving_sound_86389_1.wav,2.motorcycle_driving_sound_86389_1.wav,2.Motorcycle/5.driving_sound_of_motorcycle
/home/ubuntu/data/raw_data/2.Motorcycle/5.driving_sound_of_motorcycle/2.motorcycle_driving_sound_2456_1.wav,2.motorcycle_driving_sound_2456_1.wav,2.Motorcycle/5.driving_sound_of_motorcycle
/home/ubuntu/data/raw_data/2.Motorcycle/5.driving_sound_of_motorcycle/2.motorcycle_driving_sound_15759_1.wav,2.motorcycle_driving_sound_15759_1.wav,2.Motorcycle/5.driving_sound_of_motorcycle
/home/ubuntu/data/raw_data/2.Motorcycle/5.driving_sound_of_motorcycle/2.motorcycle_driving_sound_14530_1.wav,2.motorcycle_driving_sound_14530_1.wav,2.Motorcycle/5.driving_sound_of_motorcycle
/home/ubuntu/data/raw_data/2.Motorcycle/5.driving_sound_of_motorcycle/2.motorcycle_driving_sound_2083_1.wav,2.motorcycle_driving_sound_2083_1.wav,2.Motorcycle/5.driving_sound_of_motorcycle
/home/ubuntu/data/raw_data/2.Motorcycle/5.driving_sound_of_motorcycle/2.motorcycle_driving_sound_14554_1.wav,2.motorcycle_driving_sound_14554_1.wav,2.Motorcycle/5.driving_sound_of_motorcycle
/home/ubuntu/data/raw_data/2.Motorcycle/5.driving_sound_of_motorcycle/2.motorcycle_driving_sound_15319_1.wav,2.motorcycle_driving_sound_15319_1.wav,2.Motorcycle/5.driving_sound_of_motorcycle
/home/ubuntu/data/raw_data/2.Motorcycle/5.driving_sound_of_motorcycle/2.motorcycle_driving_sound_14788_1.wav,2.motorcycle_driving_sound_14788_1.wav,2.Motorcycle/5.driving_sound_of_motorcycle
/home/ubuntu/data/raw_data/2.Motorcycle/5.driving_sound_of_motorcycle/2.motorcycle_driving_sound_86948_1.wav,2.motorcycle_driving_sound_86948_1.wav,2.Motorcycle/5.driving_sound_of_motorcycle
/home/ubuntu/data/raw_data/2.Motorcycle/5.driving_sound_of_motorcycle/2.motorcycle_driving_sound_14453_1.wav,2.motorcycle_driving_sound_14453_1.wav,2.Motorcycle/5.driving_sound_of_motorcycle
/home/ubuntu/data/raw_data/2.Motorcycle/5.driving_sound_of_motorcycle/2.motorcycle_driving_sound_15592_1.wav,2.motorcycle_driving_sound_15592_1.wav,2.Motorcycle/5.driving_sound_of_motorcycle
/home/ubuntu/data/raw_data/2.Motorcycle/5.driving_sound_of_motorcycle/2.motorcycle_driving_sound_85272_1.wav,2.motorcycle_driving_sound_85272_1.wav,2.Motorcycle/5.driving_sound_of_motorcycle
/home/ubuntu/data/raw_data/2.Motorcycle/5.driving_sound_of_motorcycle/2.motorcycle_driving_sound_14911_1.wav,2.motorcycle_driving_sound_14911_1.wav,2.Motorcycle/5.driving_sound_of_motorcycle
/home/ubuntu/data/raw_data/2.Motorcycle/5.driving_sound_of_motorcycle/2.motorcycle_driving_sound_86976_1.wav,2.motorcycle_driving_sound_86976_1.wav,2.Motorcycle/5.driving_sound_of_motorcycle
/home/ubuntu/data/raw_data/2.Motorcycle/5.driving_sound_of_motorcycle/2.motorcycle_driving_sound_14617_1.wav,2.motorcycle_driving_sound_14617_1.wav,2.Motorcycle/5.driving_sound_of_motorcycle
/home/ubuntu/data/raw_data/1.Car/2.siren_of_car/1.car_siren_12152_1.wav,1.car_siren_12152_1.wav,1.Car/2.siren_of_car
/home/ubuntu/data/raw_data/1.Car/2.siren_of_car/1.car_siren_70738_1.wav,1.car_siren_70738_1.wav,1.Car/2.siren_of_car
/home/ubuntu/data/raw_data/1.Car/2.siren_of_car/1.car_siren_11775_1.wav,1.car_siren_11775_1.wav,1.Car/2.siren_of_car
/home/ubuntu/data/raw_data/1.Car/2.siren_of_car/1.car_siren_75913_1.wav,1.car_siren_75913_1.wav,1.Car/2.siren_of_car
/home/ubuntu/data/raw_data/1.Car/2.siren_of_car/1.car_siren_12021_1.wav,1.car_siren_12021_1.wav,1.Car/2.siren_of_car
/home/ubuntu/data/raw_data/1.Car/2.siren_of_car/1.car_siren_11955_1.wav,1.car_siren_11955_1.wav,1.Car/2.siren_of_car
/home/ubuntu/data/raw_data/1.Car/2.siren_of_car/1.car_siren_274_1.wav,1.car_siren_274_1.wav,1.Car/2.siren_of_car
/home/ubuntu/data/raw_data/1.Car/2.siren_of_car/1.car_siren_76516_1.wav,1.car_siren_76516_1.wav,1.Car/2.siren_of_car
/home/ubuntu/data/raw_data/1.Car/2.siren_of_car/1.car_siren_71433_1.wav,1.car_siren_71433_1.wav,1.Car/2.siren_of_car
/home/ubuntu/data/raw_data/1.Car/2.siren_of_car/1.car_siren_70377_1.wav,1.car_siren_70377_1.wav,1.Car/2.siren_of_car
/home/ubuntu/data/raw_data/1.Car/2.siren_of_car/1.car_siren_70464_1.wav,1.car_siren_70464_1.wav,1.Car/2.siren_of_car
/home/ubuntu/data/raw_data/1.Car/2.siren_of_car/1.car_siren_71083_1.wav,1.car_siren_71083_1.wav,1.Car/2.siren_of_car
/home/ubuntu/data/raw_data/1.Car/2.siren_of_car/1.car_siren_71143_1.wav,1.car_siren_71143_1.wav,1.Car/2.siren_of_car
/home/ubuntu/data/test_data/raw_data_test/1.Car/2.siren_of_car/1.car_siren_70500_1.wav,1.car_siren_70500_1.wav,1.Car/2.siren_of_car
/home/ubuntu/data/raw_data/1.Car/2.siren_of_car/1.car_siren_12115_1.wav,1.car_siren_12115_1.wav,1.Car/2.siren_of_car
/home/ubuntu/data/test_data/raw_data_test/1.Car/2.siren_of_car/1.car_siren_11630_1.wav,1.car_siren_11630_1.wav,1.Car/2.siren_of_car
/home/ubuntu/data/raw_data/1.Car/2.siren_of_car/1.car_siren_11726_1.wav,1.car_siren_11726_1.wav,1.Car/2.siren_of_car
/home/ubuntu/data/raw_data/1.Car/2.siren_of_car/1.car_siren_47258_1.wav,1.car_siren_47258_1.wav,1.Car/2.siren_of_car
/home/ubuntu/data/raw_data/1.Car/2.siren_of_car/1.car_siren_70502_1.wav,1.car_siren_70502_1.wav,1.Car/2.siren_of_car
/home/ubuntu/data/test_data/raw_data_test/1.Car/2.siren_of_car/1.car_siren_23630_1.wav,1.car_siren_23630_1.wav,1.Car/2.siren_of_car
/home/ubuntu/data/raw_data/1.Car/2.siren_of_car/1.car_siren_11863_1.wav,1.car_siren_11863_1.wav,1.Car/2.siren_of_car
/home/ubuntu/data/raw_data/1.Car/2.siren_of_car/1.car_siren_11598_1.wav,1.car_siren_11598_1.wav,1.Car/2.siren_of_car
/home/ubuntu/data/raw_data/1.Car/2.siren_of_car/1.car_siren_11560_1.wav,1.car_siren_11560_1.wav,1.Car/2.siren_of_car
/home/ubuntu/data/raw_data/1.Car/2.siren_of_car/1.car_siren_70561_1.wav,1.car_siren_70561_1.wav,1.Car/2.siren_of_car
/home/ubuntu/data/raw_data/1.Car/2.siren_of_car/1.car_siren_71447_1.wav,1.car_siren_71447_1.wav,1.Car/2.siren_of_car
/home/ubuntu/data/raw_data/1.Car/2.siren_of_car/1.car_siren_11644_1.wav,1.car_siren_11644_1.wav,1.Car/2.siren_of_car
/home/ubuntu/data/raw_data/1.Car/2.siren_of_car/1.car_siren_12144_1.wav,1.car_siren_12144_1.wav,1.Car/2.siren_of_car
/home/ubuntu/data/raw_data/1.Car/2.siren_of_car/1.car_siren_12161_1.wav,1.car_siren_12161_1.wav,1.Car/2.siren_of_car
/home/ubuntu/data/raw_data/1.Car/2.siren_of_car/1.car_siren_70233_1.wav,1.car_siren_70233_1.wav,1.Car/2.siren_of_car
/home/ubuntu/data/raw_data/1.Car/2.siren_of_car/1.car_siren_11938_1.wav,1.car_siren_11938_1.wav,1.Car/2.siren_of_car
/home/ubuntu/data/raw_data/1.Car/2.siren_of_car/1.car_siren_285_1.wav,1.car_siren_285_1.wav,1.Car/2.siren_of_car
/home/ubuntu/data/raw_data/1.Car/2.siren_of_car/1.car_siren_438_1.wav,1.car_siren_438_1.wav,1.Car/2.siren_of_car
/home/ubuntu/data/raw_data/1.Car/2.siren_of_car/1.car_siren_12154_1.wav,1.car_siren_12154_1.wav,1.Car/2.siren_of_car
/home/ubuntu/data/test_data/raw_data_test/1.Car/2.siren_of_car/1.car_siren_76718_1.wav,1.car_siren_76718_1.wav,1.Car/2.siren_of_car
/home/ubuntu/data/raw_data/1.Car/2.siren_of_car/1.car_siren_11889_1.wav,1.car_siren_11889_1.wav,1.Car/2.siren_of_car
/home/ubuntu/data/raw_data/1.Car/2.siren_of_car/1.car_siren_70916_1.wav,1.car_siren_70916_1.wav,1.Car/2.siren_of_car
/home/ubuntu/data/raw_data/1.Car/2.siren_of_car/1.car_siren_76906_1.wav,1.car_siren_76906_1.wav,1.Car/2.siren_of_car
/home/ubuntu/data/raw_data/1.Car/2.siren_of_car/1.car_siren_11948_1.wav,1.car_siren_11948_1.wav,1.Car/2.siren_of_car
/home/ubuntu/data/raw_data/1.Car/2.siren_of_car/1.car_siren_12143_1.wav,1.car_siren_12143_1.wav,1.Car/2.siren_of_car
/home/ubuntu/data/raw_data/1.Car/2.siren_of_car/1.car_siren_41676_1.wav,1.car_siren_41676_1.wav,1.Car/2.siren_of_car
/home/ubuntu/data/raw_data/1.Car/2.siren_of_car/1.car_siren_11924_1.wav,1.car_siren_11924_1.wav,1.Car/2.siren_of_car
/home/ubuntu/data/raw_data/1.Car/2.siren_of_car/1.car_siren_71098_1.wav,1.car_siren_71098_1.wav,1.Car/2.siren_of_car
/home/ubuntu/data/raw_data/1.Car/2.siren_of_car/1.car_siren_71489_1.wav,1.car_siren_71489_1.wav,1.Car/2.siren_of_car
/home/ubuntu/data/raw_data/1.Car/2.siren_of_car/1.car_siren_75849_1.wav,1.car_siren_75849_1.wav,1.Car/2.siren_of_car
/home/ubuntu/data/raw_data/1.Car/3.driving_sound_of_car/1.car_driving_sound_1138_1.wav,1.car_driving_sound_1138_1.wav,1.Car/3.driving_sound_of_car
/home/ubuntu/data/test_data/raw_data_test/1.Car/3.driving_sound_of_car/1.car_driving_sound_12771_1.wav,1.car_driving_sound_12771_1.wav,1.Car/3.driving_sound_of_car
/home/ubuntu/data/raw_data/1.Car/3.driving_sound_of_car/1.car_driving_sound_653_1.wav,1.car_driving_sound_653_1.wav,1.Car/3.driving_sound_of_car
/home/ubuntu/data/raw_data/1.Car/3.driving_sound_of_car/1.car_driving_sound_1489_1.wav,1.car_driving_sound_1489_1.wav,1.Car/3.driving_sound_of_car
/home/ubuntu/data/test_data/raw_data_test/1.Car/3.driving_sound_of_car/1.car_driving_sound_1199_1.wav,1.car_driving_sound_1199_1.wav,1.Car/3.driving_sound_of_car
/home/ubuntu/data/raw_data/1.Car/3.driving_sound_of_car/1.car_driving_sound_12806_1.wav,1.car_driving_sound_12806_1.wav,1.Car/3.driving_sound_of_car
/home/ubuntu/data/raw_data/1.Car/3.driving_sound_of_car/1.car_driving_sound_837_1.wav,1.car_driving_sound_837_1.wav,1.Car/3.driving_sound_of_car
/home/ubuntu/data/raw_data/1.Car/3.driving_sound_of_car/1.car_driving_sound_95626_1.wav,1.car_driving_sound_95626_1.wav,1.Car/3.driving_sound_of_car
/home/ubuntu/data/raw_data/1.Car/3.driving_sound_of_car/1.car_driving_sound_12507_1.wav,1.car_driving_sound_12507_1.wav,1.Car/3.driving_sound_of_car
/home/ubuntu/data/raw_data/1.Car/3.driving_sound_of_car/1.car_driving_sound_12430_1.wav,1.car_driving_sound_12430_1.wav,1.Car/3.driving_sound_of_car
/home/ubuntu/data/raw_data/1.Car/3.driving_sound_of_car/1.car_driving_sound_95607_1.wav,1.car_driving_sound_95607_1.wav,1.Car/3.driving_sound_of_car
/home/ubuntu/data/raw_data/1.Car/3.driving_sound_of_car/1.car_driving_sound_1551_1.wav,1.car_driving_sound_1551_1.wav,1.Car/3.driving_sound_of_car
/home/ubuntu/data/raw_data/1.Car/3.driving_sound_of_car/1.car_driving_sound_12436_1.wav,1.car_driving_sound_12436_1.wav,1.Car/3.driving_sound_of_car
/home/ubuntu/data/raw_data/1.Car/3.driving_sound_of_car/1.car_driving_sound_12391_1.wav,1.car_driving_sound_12391_1.wav,1.Car/3.driving_sound_of_car
/home/ubuntu/data/raw_data/1.Car/3.driving_sound_of_car/1.car_driving_sound_12916_1.wav,1.car_driving_sound_12916_1.wav,1.Car/3.driving_sound_of_car
/home/ubuntu/data/raw_data/1.Car/3.driving_sound_of_car/1.car_driving_sound_12363_1.wav,1.car_driving_sound_12363_1.wav,1.Car/3.driving_sound_of_car
/home/ubuntu/data/raw_data/1.Car/3.driving_sound_of_car/1.car_driving_sound_13068_1.wav,1.car_driving_sound_13068_1.wav,1.Car/3.driving_sound_of_car
/home/ubuntu/data/raw_data/1.Car/3.driving_sound_of_car/1.car_driving_sound_1376_1.wav,1.car_driving_sound_1376_1.wav,1.Car/3.driving_sound_of_car
/home/ubuntu/data/raw_data/1.Car/3.driving_sound_of_car/1.car_driving_sound_655_1.wav,1.car_driving_sound_655_1.wav,1.Car/3.driving_sound_of_car
/home/ubuntu/data/raw_data/1.Car/3.driving_sound_of_car/1.car_driving_sound_20273_1.wav,1.car_driving_sound_20273_1.wav,1.Car/3.driving_sound_of_car
/home/ubuntu/data/raw_data/1.Car/3.driving_sound_of_car/1.car_driving_sound_967_1.wav,1.car_driving_sound_967_1.wav,1.Car/3.driving_sound_of_car
/home/ubuntu/data/raw_data/1.Car/3.driving_sound_of_car/1.car_driving_sound_12883_1.wav,1.car_driving_sound_12883_1.wav,1.Car/3.driving_sound_of_car
/home/ubuntu/data/raw_data/1.Car/3.driving_sound_of_car/1.car_driving_sound_12694_1.wav,1.car_driving_sound_12694_1.wav,1.Car/3.driving_sound_of_car
/home/ubuntu/data/raw_data/1.Car/3.driving_sound_of_car/1.car_driving_sound_1536_1.wav,1.car_driving_sound_1536_1.wav,1.Car/3.driving_sound_of_car
/home/ubuntu/data/raw_data/1.Car/3.driving_sound_of_car/1.car_driving_sound_12583_1.wav,1.car_driving_sound_12583_1.wav,1.Car/3.driving_sound_of_car
/home/ubuntu/data/raw_data/1.Car/3.driving_sound_of_car/1.car_driving_sound_961_1.wav,1.car_driving_sound_961_1.wav,1.Car/3.driving_sound_of_car
/home/ubuntu/data/raw_data/1.Car/3.driving_sound_of_car/1.car_driving_sound_1223_1.wav,1.car_driving_sound_1223_1.wav,1.Car/3.driving_sound_of_car
/home/ubuntu/data/raw_data/1.Car/3.driving_sound_of_car/1.car_driving_sound_1700_1.wav,1.car_driving_sound_1700_1.wav,1.Car/3.driving_sound_of_car
/home/ubuntu/data/test_data/raw_data_test/1.Car/3.driving_sound_of_car/1.car_driving_sound_754_1.wav,1.car_driving_sound_754_1.wav,1.Car/3.driving_sound_of_car
/home/ubuntu/data/test_data/raw_data_test/1.Car/3.driving_sound_of_car/1.car_driving_sound_1206_1.wav,1.car_driving_sound_1206_1.wav,1.Car/3.driving_sound_of_car
/home/ubuntu/data/raw_data/1.Car/3.driving_sound_of_car/1.car_driving_sound_13007_1.wav,1.car_driving_sound_13007_1.wav,1.Car/3.driving_sound_of_car
/home/ubuntu/data/test_data/raw_data_test/1.Car/3.driving_sound_of_car/1.car_driving_sound_1317_1.wav,1.car_driving_sound_1317_1.wav,1.Car/3.driving_sound_of_car
/home/ubuntu/data/raw_data/1.Car/3.driving_sound_of_car/1.car_driving_sound_12587_1.wav,1.car_driving_sound_12587_1.wav,1.Car/3.driving_sound_of_car
/home/ubuntu/data/raw_data/1.Car/3.driving_sound_of_car/1.car_driving_sound_1018_1.wav,1.car_driving_sound_1018_1.wav,1.Car/3.driving_sound_of_car
/home/ubuntu/data/raw_data/1.Car/3.driving_sound_of_car/1.car_driving_sound_809_1.wav,1.car_driving_sound_809_1.wav,1.Car/3.driving_sound_of_car
/home/ubuntu/data/raw_data/1.Car/3.driving_sound_of_car/1.car_driving_sound_12892_1.wav,1.car_driving_sound_12892_1.wav,1.Car/3.driving_sound_of_car
/home/ubuntu/data/raw_data/1.Car/3.driving_sound_of_car/1.car_driving_sound_95537_1.wav,1.car_driving_sound_95537_1.wav,1.Car/3.driving_sound_of_car
/home/ubuntu/data/raw_data/1.Car/3.driving_sound_of_car/1.car_driving_sound_13053_1.wav,1.car_driving_sound_13053_1.wav,1.Car/3.driving_sound_of_car
/home/ubuntu/data/raw_data/1.Car/1.horn_of_car/1.car_horn_4_1.wav,1.car_horn_4_1.wav,1.Car/1.horn_of_car
/home/ubuntu/data/raw_data/1.Car/1.horn_of_car/1.car_horn_30686_1.wav,1.car_horn_30686_1.wav,1.Car/1.horn_of_car
/home/ubuntu/data/test_data/raw_data_test/1.Car/1.horn_of_car/1.car_horn_31738_1.wav,1.car_horn_31738_1.wav,1.Car/1.horn_of_car
/home/ubuntu/data/raw_data/1.Car/1.horn_of_car/1.car_horn_10315_1.wav,1.car_horn_10315_1.wav,1.Car/1.horn_of_car
/home/ubuntu/data/test_data/raw_data_test/1.Car/1.horn_of_car/1.car_horn_21_1.wav,1.car_horn_21_1.wav,1.Car/1.horn_of_car
/home/ubuntu/data/raw_data/1.Car/1.horn_of_car/1.car_horn_11021_1.wav,1.car_horn_11021_1.wav,1.Car/1.horn_of_car
/home/ubuntu/data/raw_data/1.Car/1.horn_of_car/1.car_horn_31636_1.wav,1.car_horn_31636_1.wav,1.Car/1.horn_of_car
/home/ubuntu/data/raw_data/1.Car/1.horn_of_car/1.car_horn_30800_1.wav,1.car_horn_30800_1.wav,1.Car/1.horn_of_car
/home/ubuntu/data/raw_data/1.Car/1.horn_of_car/1.car_horn_88372_1.wav,1.car_horn_88372_1.wav,1.Car/1.horn_of_car
/home/ubuntu/data/raw_data/1.Car/1.horn_of_car/1.car_horn_10644_1.wav,1.car_horn_10644_1.wav,1.Car/1.horn_of_car
/home/ubuntu/data/raw_data/1.Car/1.horn_of_car/1.car_horn_11438_1.wav,1.car_horn_11438_1.wav,1.Car/1.horn_of_car
/home/ubuntu/data/raw_data/1.Car/1.horn_of_car/1.car_horn_10922_1.wav,1.car_horn_10922_1.wav,1.Car/1.horn_of_car
/home/ubuntu/data/raw_data/1.Car/1.horn_of_car/1.car_horn_88345_1.wav,1.car_horn_88345_1.wav,1.Car/1.horn_of_car
/home/ubuntu/data/raw_data/1.Car/1.horn_of_car/1.car_horn_31133_1.wav,1.car_horn_31133_1.wav,1.Car/1.horn_of_car
/home/ubuntu/data/test_data/raw_data_test/1.Car/1.horn_of_car/1.car_horn_31161_1.wav,1.car_horn_31161_1.wav,1.Car/1.horn_of_car
/home/ubuntu/data/raw_data/1.Car/1.horn_of_car/1.car_horn_11089_1.wav,1.car_horn_11089_1.wav,1.Car/1.horn_of_car
/home/ubuntu/data/raw_data/1.Car/1.horn_of_car/1.car_horn_88012_1.wav,1.car_horn_88012_1.wav,1.Car/1.horn_of_car
/home/ubuntu/data/raw_data/1.Car/1.horn_of_car/1.car_horn_31172_1.wav,1.car_horn_31172_1.wav,1.Car/1.horn_of_car
/home/ubuntu/data/raw_data/1.Car/1.horn_of_car/1.car_horn_30714_1.wav,1.car_horn_30714_1.wav,1.Car/1.horn_of_car
/home/ubuntu/data/raw_data/1.Car/1.horn_of_car/1.car_horn_31749_1.wav,1.car_horn_31749_1.wav,1.Car/1.horn_of_car
/home/ubuntu/data/raw_data/1.Car/1.horn_of_car/1.car_horn_10543_1.wav,1.car_horn_10543_1.wav,1.Car/1.horn_of_car
/home/ubuntu/data/raw_data/1.Car/1.horn_of_car/1.car_horn_28_1.wav,1.car_horn_28_1.wav,1.Car/1.horn_of_car
/home/ubuntu/data/raw_data/1.Car/1.horn_of_car/1.car_horn_87899_1.wav,1.car_horn_87899_1.wav,1.Car/1.horn_of_car
/home/ubuntu/data/raw_data/1.Car/1.horn_of_car/1.car_horn_10280_1.wav,1.car_horn_10280_1.wav,1.Car/1.horn_of_car
/home/ubuntu/data/raw_data/1.Car/1.horn_of_car/1.car_horn_11101_1.wav,1.car_horn_11101_1.wav,1.Car/1.horn_of_car
/home/ubuntu/data/raw_data/1.Car/1.horn_of_car/1.car_horn_88016_1.wav,1.car_horn_88016_1.wav,1.Car/1.horn_of_car
/home/ubuntu/data/raw_data/1.Car/1.horn_of_car/1.car_horn_10833_1.wav,1.car_horn_10833_1.wav,1.Car/1.horn_of_car
/home/ubuntu/data/raw_data/1.Car/1.horn_of_car/1.car_horn_87799_1.wav,1.car_horn_87799_1.wav,1.Car/1.horn_of_car
/home/ubuntu/data/test_data/raw_data_test/1.Car/1.horn_of_car/1.car_horn_11287_1.wav,1.car_horn_11287_1.wav,1.Car/1.horn_of_car
/home/ubuntu/data/raw_data/1.Car/1.horn_of_car/1.car_horn_88104_1.wav,1.car_horn_88104_1.wav,1.Car/1.horn_of_car
/home/ubuntu/data/raw_data/1.Car/1.horn_of_car/1.car_horn_11153_1.wav,1.car_horn_11153_1.wav,1.Car/1.horn_of_car
/home/ubuntu/data/raw_data/1.Car/1.horn_of_car/1.car_horn_30902_1.wav,1.car_horn_30902_1.wav,1.Car/1.horn_of_car
/home/ubuntu/data/raw_data/1.Car/1.horn_of_car/1.car_horn_88396_1.wav,1.car_horn_88396_1.wav,1.Car/1.horn_of_car
/home/ubuntu/data/raw_data/1.Car/1.horn_of_car/1.car_horn_87402_1.wav,1.car_horn_87402_1.wav,1.Car/1.horn_of_car
/home/ubuntu/data/raw_data/1.Car/1.horn_of_car/1.car_horn_10105_1.wav,1.car_horn_10105_1.wav,1.Car/1.horn_of_car
/home/ubuntu/data/raw_data/1.Car/1.horn_of_car/1.car_horn_30813_1.wav,1.car_horn_30813_1.wav,1.Car/1.horn_of_car
/home/ubuntu/data/raw_data/1.Car/1.horn_of_car/1.car_horn_183_1.wav,1.car_horn_183_1.wav,1.Car/1.horn_of_car
/home/ubuntu/data/raw_data/1.Car/1.horn_of_car/1.car_horn_10943_1.wav,1.car_horn_10943_1.wav,1.Car/1.horn_of_car
/home/ubuntu/data/raw_data/1.Car/1.horn_of_car/1.car_horn_31275_1.wav,1.car_horn_31275_1.wav,1.Car/1.horn_of_car
/home/ubuntu/data/test_data/raw_data_test/1.Car/1.horn_of_car/1.car_horn_88343_1.wav,1.car_horn_88343_1.wav,1.Car/1.horn_of_car
/home/ubuntu/data/raw_data/1.Car/1.horn_of_car/1.car_horn_88273_1.wav,1.car_horn_88273_1.wav,1.Car/1.horn_of_car
/home/ubuntu/data/raw_data/1.Car/1.horn_of_car/1.car_horn_87734_1.wav,1.car_horn_87734_1.wav,1.Car/1.horn_of_car
/home/ubuntu/data/test_data/raw_data_test/1.Car/1.horn_of_car/1.car_horn_31464_1.wav,1.car_horn_31464_1.wav,1.Car/1.horn_of_car
/home/ubuntu/data/raw_data/1.Car/1.horn_of_car/1.car_horn_88289_1.wav,1.car_horn_88289_1.wav,1.Car/1.horn_of_car
/home/ubuntu/data/raw_data/1.Car/1.horn_of_car/1.car_horn_30910_1.wav,1.car_horn_30910_1.wav,1.Car/1.horn_of_car
/home/ubuntu/data/raw_data/1.Car/1.horn_of_car/1.car_horn_31316_1.wav,1.car_horn_31316_1.wav,1.Car/1.horn_of_car
/home/ubuntu/data/raw_data/1.Car/1.horn_of_car/1.car_horn_11262_1.wav,1.car_horn_11262_1.wav,1.Car/1.horn_of_car
/home/ubuntu/data/raw_data/1.Car/1.horn_of_car/1.car_horn_10033_1.wav,1.car_horn_10033_1.wav,1.Car/1.horn_of_car
/home/ubuntu/data/raw_data/1.Car/1.horn_of_car/1.car_horn_10643_1.wav,1.car_horn_10643_1.wav,1.Car/1.horn_of_car
/home/ubuntu/data/raw_data/1.Car/1.horn_of_car/1.car_horn_31040_1.wav,1.car_horn_31040_1.wav,1.Car/1.horn_of_car
/home/ubuntu/data/test_data/raw_data_test/1.Car/1.horn_of_car/1.car_horn_87357_1.wav,1.car_horn_87357_1.wav,1.Car/1.horn_of_car
/home/ubuntu/data/raw_data/1.Car/1.horn_of_car/1.car_horn_11496_1.wav,1.car_horn_11496_1.wav,1.Car/1.horn_of_car
/home/ubuntu/data/raw_data/1.Car/1.horn_of_car/1.car_horn_88216_1.wav,1.car_horn_88216_1.wav,1.Car/1.horn_of_car
/home/ubuntu/data/raw_data/1.Car/1.horn_of_car/1.car_horn_11373_1.wav,1.car_horn_11373_1.wav,1.Car/1.horn_of_car
/home/ubuntu/data/raw_data/1.Car/1.horn_of_car/1.car_horn_31239_1.wav,1.car_horn_31239_1.wav,1.Car/1.horn_of_car
/home/ubuntu/data/raw_data/1.Car/1.horn_of_car/1.car_horn_9995_1.wav,1.car_horn_9995_1.wav,1.Car/1.horn_of_car
/home/ubuntu/data/raw_data/1.Car/1.horn_of_car/1.car_horn_87804_1.wav,1.car_horn_87804_1.wav,1.Car/1.horn_of_car
/home/ubuntu/data/test_data/raw_data_test/1.Car/1.horn_of_car/1.car_horn_88272_1.wav,1.car_horn_88272_1.wav,1.Car/1.horn_of_car
/home/ubuntu/data/raw_data/1.Car/1.horn_of_car/1.car_horn_87764_1.wav,1.car_horn_87764_1.wav,1.Car/1.horn_of_car
/home/ubuntu/data/raw_data/1.Car/1.horn_of_car/1.car_horn_87571_1.wav,1.car_horn_87571_1.wav,1.Car/1.horn_of_car
/home/ubuntu/data/test_data/raw_data_test/1.Car/1.horn_of_car/1.car_horn_10224_1.wav,1.car_horn_10224_1.wav,1.Car/1.horn_of_car
/home/ubuntu/data/raw_data/1.Car/1.horn_of_car/1.car_horn_10336_1.wav,1.car_horn_10336_1.wav,1.Car/1.horn_of_car
/home/ubuntu/data/raw_data/1.Car/1.horn_of_car/1.car_horn_31155_1.wav,1.car_horn_31155_1.wav,1.Car/1.horn_of_car
/home/ubuntu/data/raw_data/1.Car/1.horn_of_car/1.car_horn_10476_1.wav,1.car_horn_10476_1.wav,1.Car/1.horn_of_car
/home/ubuntu/data/raw_data/1.Car/1.horn_of_car/1.car_horn_87995_1.wav,1.car_horn_87995_1.wav,1.Car/1.horn_of_car
/home/ubuntu/data/raw_data/1.Car/1.horn_of_car/1.car_horn_88037_1.wav,1.car_horn_88037_1.wav,1.Car/1.horn_of_car
/home/ubuntu/data/raw_data/1.Car/1.horn_of_car/1.car_horn_88053_1.wav,1.car_horn_88053_1.wav,1.Car/1.horn_of_car
/home/ubuntu/data/raw_data/1.Car/1.horn_of_car/1.car_horn_87946_1.wav,1.car_horn_87946_1.wav,1.Car/1.horn_of_car
/home/ubuntu/data/raw_data/1.Car/1.horn_of_car/1.car_horn_10688_1.wav,1.car_horn_10688_1.wav,1.Car/1.horn_of_car
/home/ubuntu/data/raw_data/1.Car/1.horn_of_car/1.car_horn_87319_1.wav,1.car_horn_87319_1.wav,1.Car/1.horn_of_car
/home/ubuntu/data/raw_data/1.Car/1.horn_of_car/1.car_horn_9967_1.wav,1.car_horn_9967_1.wav,1.Car/1.horn_of_car
